0000000000000000005b42403365623037666433,
0000000000000000005b42403533316437326361,
0000000000000000005b42403232643863666530,
0000000000000000005b42403537396262333637,
0000000000000000005b42403164653061636136,
0000000000000000005b42403235353331366632,
0000000000000000005b42403431393036613737,
0000000000000000005b42403462396166396139,
0000000000000000005b42403533383766396530,
0000000000000000005b42403665356539316534,
0000000000000000005b42403263646638643861,
0000000000000000005b42403330393436653039,
0000000000000000005b42403563623064393032,
0000000000000000005b42403436666262326331,
0000000000000000005b42403136393863343439,
0000000000000000005b42403735393130383364,
0000000000000000005b42403737613536376531,
0000000000000000005b42403733366539616462,
0000000000000000005b42403664323137313463,
0000000000000000005b42403130386334633335,
0000000000000000005b42403463636162626161,
0000000000000000005b42403462663535386161,
0000000000000000005b42403264333865623839,
0000000000000000005b42403566613765376666,
0000000000000000005b42403436323931303461,
0000000000000000005b42403237663833303264,
0000000000000000005b42403464373666336638,
0000000000000000005b42403264386536646236,
0000000000000000005b42403233616239333064,
0000000000000000005b42403435333462363064,
0000000000000000005b42403366613737343630,
0000000000000000005b42403631396135646666,
0000000000000000005b42403165643639393361,
0000000000000000005b42403765333263303333,
0000000000000000005b42403761623262666531,
0000000000000000005b42403439373437306564,
0000000000000000005b42403633633132666230,
000000000000000000005b424062316135386133,
0000000000000000005b42403634333861333936,
000000000000000000005b424065323134346534,
0000000000000000005b42403634373734363366,
0000000000000000005b42403364373164353532,
0000000000000000005b42403163663466353739,
0000000000000000005b42403138373639343637,
0000000000000000005b42403436656537666538,
0000000000000000005b42403735303665393232,
0000000000000000005b42403465653238356336,
0000000000000000005b42403632316265356431,
0000000000000000005b42403537336664373435,
0000000000000000005b42403135333237623739,
0000000000000000005b42403466323431306163,
0000000000000000005b42403732326334316634,
0000000000000000005b42403562383033353062,
0000000000000000005b42403564366636346231,
0000000000000000005b42403332613162656330,
0000000000000000005b42403232393237613831,
0000000000000000005b42403738653033626235,
0000000000000000005b42403565386339326634,
0000000000000000005b42403631653437303562,
0000000000000000005b42403530313334383934,
0000000000000000005b42403239353766636230,
0000000000000000005b42403133373663303563,
0000000000000000005b42403531353231636331,
0000000000000000005b42403162346662393937,
000000000000000000005b424064656236343332,
0000000000000000005b42403238626132316633,
0000000000000000005b42403639346639343331,
000000000000000000005b424066326130623865,
0000000000000000005b42403539333633346164,
0000000000000000005b42403230666132336331,
0000000000000000005b42403335383163356633,
0000000000000000005b42403661613863656236,
000000000000000000005b424032353330633132,
0000000000000000005b42403733633663336232,
0000000000000000005b42403438353333653634,
0000000000000000005b42403634613239346136,
0000000000000000005b42403765306233376263,
0000000000000000005b42403362393561303963,
0000000000000000005b42403661653430393934,
0000000000000000005b42403161393361376361,
0000000000000000005b42403364383263356633,
0000000000000000005b42403262303530333966,
0000000000000000005b42403631653731376332,
0000000000000000005b42403636636435316333,
0000000000000000005b42403464636261646234,
0000000000000000005b42403465353135363639,
0000000000000000005b42403137643130313636,
0000000000000000005b42403162396531393136,
000000000000000000005b424062613861316463,
0000000000000000005b42403466386535636465,
0000000000000000005b42403530346261653738,
0000000000000000005b42403362373634626365,
0000000000000000005b42403735396562623364,
0000000000000000005b42403438346236316663,
0000000000000000005b42403435666533656533,
0000000000000000005b42403463646633356139,
0000000000000000005b42403463393833383563,
0000000000000000005b42403566636665346232,
0000000000000000005b42403662663264303865,
0000000000000000005b42403565623563323234,
0000000000000000005b42403533653235623736,
0000000000000000005b42403733613864666363,
000000000000000000005b424065613330373937,
0000000000000000005b42403765373734303835,
0000000000000000005b42403366386639646436,
000000000000000000005b424061656336333534,
0000000000000000005b42403163363535323231,
0000000000000000005b42403538643235613430,
0000000000000000005b42403162373031646131,
0000000000000000005b42403732366633623538,
0000000000000000005b42403434326439623665,
000000000000000000005b424065653764396631,
0000000000000000005b42403135363135303939,
0000000000000000005b42403165646631633936,
0000000000000000005b42403336383130326338,
000000000000000000005b424036393936646238,
0000000000000000005b42403139363330303661,
0000000000000000005b42403766626538343763,
0000000000000000005b42403431393735653031,
000000000000000000005b424063326531663236,
000000000000000000005b424064636633653939,
000000000000000000005b424036643963363338,
0000000000000000005b42403764633565376234,
000000000000000000005b424031656530303035,
0000000000000000005b42403735613163643537,
0000000000000000005b42403364303132646464,
0000000000000000005b42403666326239353865,
0000000000000000005b42403165623434653436,
0000000000000000005b42403635303465336232,
0000000000000000005b42403531356635353061,
0000000000000000005b42403632366232643461,
0000000000000000005b42403565393139393366,
0000000000000000005b42403163346166383263,
0000000000000000005b42403337393631396161,
000000000000000000005b424063616337333666,
0000000000000000005b42403565323635626134,
0000000000000000005b42403135363634336434,
0000000000000000005b42403132336134333962,
0000000000000000005b42403764653236646238,
0000000000000000005b42403131373565326462,
0000000000000000005b42403336616137626332,
0000000000000000005b42403736636364303137,
0000000000000000005b42403138326465636462,
0000000000000000005b42403236663061363366,
0000000000000000005b42403433363162643438,
0000000000000000005b42403533626438313562,
0000000000000000005b42403234303166346333,
000000000000000000005b424037363337663232,
0000000000000000005b42403439323630393762,
0000000000000000005b42403736326566653564,
0000000000000000005b42403564323262626237,
0000000000000000005b42403431613435353565,
0000000000000000005b42403338333066316330,
0000000000000000005b42403339656433633864,
0000000000000000005b42403731646163373034,
0000000000000000005b42403132333737326334,
0000000000000000005b42403264333633666233,
0000000000000000005b42403764366637376363,
0000000000000000005b42403561616136643832,
0000000000000000005b42403733613238353431,
0000000000000000005b42403666373565373231,
0000000000000000005b42403639323232633134,
0000000000000000005b42403630366438616366,
000000000000000000005b424037383238333065,
0000000000000000005b42403437306532303330,
0000000000000000005b42403366623466363439,
0000000000000000005b42403333383333383832,
0000000000000000005b42403230306135373066,
0000000000000000005b42403136623366633965,
000000000000000000005b424065326435366266,
0000000000000000005b42403234343033386430,
0000000000000000005b42403536383061313738,
0000000000000000005b42403566646566303361,
0000000000000000005b42403362323263646430,
0000000000000000005b42403165383166346463,
0000000000000000005b42403464353931643135,
0000000000000000005b42403635616536626134,
0000000000000000005b42403438636637363863,
0000000000000000005b42403539663935633564,
0000000000000000005b42403563636434336332,
0000000000000000005b42403461613866306234,
0000000000000000005b42403739363038343762,
0000000000000000005b42403661363832346265,
0000000000000000005b42403563386461393632,
